109.099822058,3.14159265358979,-3.1398473243378,-0.0105040802306481,0.000240849852842801,0.144028211999995,0.15,12
109.24385027,3.14159265358979,-3.1398473243378,-0.0105216750049038,0.000254781381909564,0.15210448500001,0.15,12
109.395954755,3.14159265358979,-3.1398473243378,-0.0105216750049038,0.000254456671691792,0.151910633,0.15,12
109.547865388,3.14159265358979,-3.1398473243378,-0.0105040802306481,0.000240765389632091,0.14397770299999,0.15,12
109.691843091,3.14159265358979,-3.1398473243378,-0.0105216750049038,0.000254708417085428,0.152060925000001,0.15,12
109.843904016,3.14159265358979,-3.1398473243378,-0.0105040802306481,0.000254362484949829,0.152108765999998,0.15,12
109.996012782,3.14159265358979,-3.1398473243378,-0.0105216750049038,0.000241026033500843,0.143892542000003,0.15,12
110.139905324,3.14159265358979,-3.1398473243378,-0.0105216750049038,0.000254617015075391,0.152006358000008,0.15,12
110.291911682,3.14159265358979,-3.1398473243378,-0.0105040802306481,0.000254115491638781,0.151961063999991,0.15,12
110.443872746,3.14159265358979,-3.1398473243378,-0.0105216750049038,0.00024126386097154,0.144034525000009,0.15,12
110.587907271,3.14159265358979,-3.1398473243378,-0.0105040802306481,0.000254175744147155,0.151997094999999,0.15,12
110.739904366,3.14159265358979,-3.1398473243378,-0.0105216750049038,0.000254640031825792,0.152020098999998,0.15,12
110.891924465,3.14159265358979,-3.1398473243378,-0.0105393288220262,0.000241528941275163,0.143951248999997,0.15,12
111.035875714,3.14159265358979,-3.1398473243378,-0.0105393288220262,0.000255033691275181,0.152000080000008,0.15,12
111.187875794,3.14159265358979,-3.1398473243378,-0.0105040802306481,0.00025418710535117,0.152003889,0.15,12
111.339879683,3.14159265358979,-3.1398473243378,-0.0105216750049038,0.000241377629815724,0.144102444999987,0.15,12
111.483982128,3.14159265358979,-3.1398473243378,-0.0105040802306481,0.000254059322742488,0.151927475000008,0.15,12
111.635909603,3.14159265358979,-3.1398473243378,-0.0105216750049038,0.000254524318257942,0.151951017999991,0.15,12
111.787860621,3.14159265358979,-3.1398473243378,-0.0104865442035519,0.00024051827378965,0.144070446000001,0.15,12
111.931931067,3.14159265358979,-3.1398473243378,-0.0105040802306481,0.000254180489966577,0.151999933000013,0.15,12
112.083931,3.14159265358979,-3.1398473243378,-0.0105393288220262,0.000255095436241606,0.152036879999997,0.15,12
112.23596788,3.14159265358979,-3.1398473243378,-0.0105216750049038,0.000241141904522607,0.143961716999996,0.15,12
112.379929597,3.14159265358979,-3.1398473243378,-0.0104865442035519,0.000253754724540895,0.151999079999996,0.15,12
112.531928677,3.14159265358979,-3.1398473243378,-0.0105040802306481,0.000254229237458204,0.152029084000006,0.15,12
112.683957761,3.14159265358979,-3.1398473243378,-0.0104690666298793,0.000240121088333325,0.144072652999995,0.15,12
112.828030414,3.14159265358979,-3.1398473243378,-0.0105040802306481,0.000254033411371251,0.151911980000008,0.15,12
112.979942394,3.14159265358979,-3.1398473243378,-0.0105040802306481,0.000254238277591959,0.152034489999991,0.15,12
113.131976884,3.14159265358979,-3.1398473243378,-0.0104690666298793,0.000253178015000017,0.15190680900001,0.15,12
113.283883693,3.14159265358979,-3.1398473243378,-0.0104865442035519,0.000240539432387296,0.144083119999991,0.15,12
113.427966813,3.14159265358979,-3.1398473243378,-0.0105216750049038,0.00025457873534339,0.151983505000004,0.15,12
113.579950318,3.14159265358979,-3.1398473243378,-0.0105040802306481,0.000254171471571913,0.151994540000004,0.15,12
113.731944858,3.14159265358979,-3.1398473243378,-0.0104865442035519,0.00024116718196993,0.144459141999988,0.15,12
113.876404,3.14159265358979,-3.1398473243378,-0.0104865442035519,0.000253029811352272,0.151564857000011,0.15,12
114.027968857,3.14159265358979,-3.1398473243378,-0.0105040802306481,0.000254328334448147,0.152088343999992,0.15,12
114.180057201,3.14159265358979,-3.1398473243378,-0.0105040802306481,0.000240662650501675,0.143916265000001,0.15,12
114.323973466,3.14159265358979,-3.1398473243378,-0.0105216750049038,0.000254624358458964,0.152010742000002,0.15,12
114.475984208,3.14159265358979,-3.1398473243378,-0.0104865442035519,0.000253589417362281,0.151900061000006,0.15,12
114.627884269,3.14159265358979,-3.1398473243378,-0.0104865442035519,0.000253874355592647,0.152070738999996,0.15,12
114.779955008,3.14159265358979,-3.1398473243378,-0.0104516472178496,0.000239629484193017,0.144017320000003,0.15,12
114.923972328,3.14159265358979,-3.1398473243378,-0.0104690666298793,0.000253327081666654,0.151996248999993,0.15,12
115.075968577,3.14159265358979,-3.1398473243378,-0.0105040802306481,0.000254321414715715,0.152084205999998,0.15,12
115.228052783,3.14159265358979,-3.1398473243378,-0.0105216750049038,0.000240905299832497,0.143820464000001,0.15,12
115.371873247,3.14159265358979,-3.1398473243378,-0.0105040802306481,0.000254546401337809,0.15221874800001,0.15,12
115.524091995,3.14159265358979,-3.1398473243378,-0.0105040802306481,0.00025404897324413,0.15192128599999,0.15,12
115.676013281,3.14159265358979,-3.1398473243378,-0.0105040802306481,0.000254102508361208,0.151953300000002,0.15,12
115.827966581,3.14159265358979,-3.1398473243378,-0.0104865442035519,0.000241663938230381,0.144756698999998,0.15,12
115.97272328,3.14159265358979,-3.1398473243378,-0.0104690666298793,0.000252157509999999,0.151294505999999,0.15,12
116.124017786,3.14159265358979,-3.1398473243378,-0.0104865442035519,0.000253783550918197,0.152016347,0.15,12
116.276034133,3.14159265358979,-3.1398473243378,-0.0104516472178496,0.000239527460898508,0.143956004000003,0.15,12
116.419990137,3.14159265358979,-3.1398473243378,-0.0105216750049038,0.000254697242881083,0.152054254000006,0.15,12
116.572044391,3.14159265358979,-3.1398473243378,-0.0105040802306481,0.000254128474916378,0.151968827999994,0.15,12
116.724013219,3.14159265358979,-3.1398473243378,-0.0105216750049038,0.000241166817420426,0.143976589999994,0.15,12
116.867989809,3.14159265358979,-3.1398473243378,-0.0105216750049038,0.000254705479061985,0.152059171000005,0.15,12
117.02004898,3.14159265358979,-3.1398473243378,-0.0105040802306481,0.000254080013377923,0.151939847999998,0.15,12
117.171988828,3.14159265358979,-3.1398473243378,-0.0105040802306481,0.000240840678929771,0.144022726000003,0.15,12
117.316011554,3.14159265358979,-3.1398473243378,-0.0105393288220262,0.000255000436241614,0.151980260000002,0.15,12
117.467991814,3.14159265358979,-3.1398473243378,-0.0105040802306481,0.000254133001672243,0.151971535000001,0.15,12
117.619963349,3.14159265358979,-3.1398473243378,-0.0104516472178496,0.000253074362728782,0.152097691999998,0.15,12
117.772061041,3.14159265358979,-3.1398473243378,-0.0104690666298793,0.000239984935,0.143990961,0.15,12
117.916052002,3.14159265358979,-3.1398473243378,-0.0105216750049038,0.000254403850921271,0.151879098999999,0.15,12
118.067931101,3.14159265358979,-3.1398473243378,-0.0105216750049038,0.000254755299832502,0.152088914000004,0.15,12
118.220020015,3.14159265358979,-3.1398473243378,-0.0105040802306481,0.00024072951003343,0.143956246999991,0.15,12
118.363976262,3.14159265358979,-3.1398473243378,-0.0105216750049038,0.000254834845896148,0.152136403,0.15,12
118.516112665,3.14159265358979,-3.1398473243378,-0.0105216750049038,0.000254459331658297,0.151912221000003,0.15,12
118.668024886,3.14159265358979,-3.1398473243378,-0.0105040802306481,0.000240657377926433,0.143913112000007,0.15,12
118.811937998,3.14159265358979,-3.1398473243378,-0.0105040802306481,0.000254361692307682,0.152108291999994,0.15,12
118.96404629,3.14159265358979,-3.1398473243378,-0.0105040802306481,0.000254163091973253,0.151989529000005,0.15,12
119.116035819,3.14159265358979,-3.1398473243378,-0.0104690666298793,0.000253414158333338,0.152048495000003,0.15,12
119.268084314,3.14159265358979,-3.1398473243378,-0.0104865442035519,0.000240352592654411,0.143971202999992,0.15,12
119.412055517,3.14159265358979,-3.1398473243378,-0.0105216750049038,0.000254522284757115,0.151949803999997,0.15,12
119.564005321,3.14159265358979,-3.1398473243378,-0.0105216750049038,0.000241283716917927,0.144046379000002,0.15,12
119.7080517,3.14159265358979,-3.1398473243378,-0.0105216750049038,0.000254733122278061,0.152075674000002,0.15,12
119.860127374,3.14159265358979,-3.1398473243378,-0.0105216750049038,0.000254443128978217,0.151902547999995,0.15,12
120.012029922,3.14159265358979,-3.1398473243378,-0.0105393288220262,0.000241656513422836,0.14402728200001,0.15,12
120.156057204,3.14159265358979,-3.1398473243378,-0.0105040802306481,0.00025412962541805,0.151969515999994,0.15,12
120.30802672,3.14159265358979,-3.1398473243378,-0.0105040802306481,0.000254386314381278,0.152123016000004,0.15,12
120.460149736,3.14159265358979,-3.1398473243378,-0.0104865442035519,0.000253629065108513,0.15192381,0.15,12
120.612073546,3.14159265358979,-3.1398473243378,-0.0104865442035519,0.000240499829716187,0.144059397999996,0.15,12
120.756132944,3.14159265358979,-3.1398473243378,-0.0105040802306481,0.00025405967725752,0.151927686999997,0.15,12
120.908060631,3.14159265358979,-3.1398473243378,-0.0105216750049038,0.000254596393634845,0.151994047000002,0.15,12
121.060054678,3.14159265358979,-3.1398473243378,-0.0105216750049038,0.000241238670016758,0.144019486000005,0.15,12
121.204074164,3.14159265358979,-3.1398473243378,-0.0105393288220262,0.000255070543624147,0.152022043999992,0.15,12
121.356096208,3.14159265358979,-3.1398473243378,-0.0105216750049038,0.000241195904522612,0.143993954999999,0.15,12
121.500090163,3.14159265358979,-3.1398473243378,-0.0105393288220262,0.000254961612416123,0.151957121000009,0.15,12
121.652047284,3.14159265358979,-3.1398473243378,-0.0105216750049038,0.00025473071021775,0.152074233999997,0.15,12
121.804121518,3.14159265358979,-3.1398473243378,-0.0105040802306481,0.000254255826086956,0.152044984,0.15,12
121.956166502,3.14159265358979,-3.1398473243378,-0.0104865442035519,0.000240249033388989,0.143909171000004,0.15,12
122.100075673,3.14159265358979,-3.1398473243378,-0.0104516472178496,0.00025703642429284,0.154478890999997,0.15,12
122.254554564,3.14159265358979,-3.1398473243378,-0.0105393288220262,0.00025091661744966,0.149546303999998,0.15,12
122.404100868,3.14159265358979,-3.1398473243378,-0.0105216750049038,0.000241190703517579,0.143990849999994,0.15,12
122.548091718,3.14159265358979,-3.1398473243378,-0.0105570419797102,0.000255548813445382,0.152051544000003,0.15,12
122.700143262,3.14159265358979,-3.1398473243378,-0.0105216750049038,0.000241161874371875,0.143973639000009,0.15,12
122.844116901,3.14159265358979,-3.1398473243378,-0.0105393288220262,0.000255001273489928,0.151980758999997,0.15,12
122.99609766,3.14159265358979,-3.1398473243378,-0.0105393288220262,0.000255189588926157,0.15209299499999,0.15,12
123.148190655,3.14159265358979,-3.1398473243378,-0.0105570419797102,0.000241944253781531,0.143956831000011,0.15,12
123.292147486,3.14159265358979,-3.1398473243378,-0.0105040802306481,0.000253972413043477,0.151875502999999,0.15,12
123.444022989,3.14159265358979,-3.1398473243378,-0.0105040802306481,0.000254248316053514,0.152040493000001,0.15,12
123.596063482,3.14159265358979,-3.1398473243378,-0.0104865442035519,0.000240488744574292,0.144052758000001,0.15,12
123.74011624,3.14159265358979,-3.1398473243378,-0.0105216750049038,0.000254701345058626,0.152056703,0.15,12
123.892172943,3.14159265358979,-3.1398473243378,-0.0105570419797102,0.000255406240336123,0.151966712999993,0.15,12
124.044139656,3.14159265358979,-3.1398473243378,-0.0105393288220262,0.000241608704697994,0.143998788000005,0.15,12
124.188138444,3.14159265358979,-3.1398473243378,-0.0105216750049038,0.000254677891122277,0.152042700999999,0.15,12
124.340181145,3.14159265358979,-3.1398473243378,-0.0105216750049038,0.000254357636515907,0.151851508999997,0.15,12
124.492032654,3.14159265358979,-3.1398473243378,-0.0105040802306481,0.000241007148829433,0.144122275000001,0.15,12
124.636154929,3.14159265358979,-3.1398473243378,-0.0105216750049038,0.000254578919598,0.151983615000006,0.15,12
124.788138544,3.14159265358979,-3.1398473243378,-0.0105040802306481,0.000254221692307672,0.152024571999988,0.15,12
124.940163116,3.14159265358979,-3.1398473243378,-0.0105040802306481,0.000240725147157189,0.143953637999999,0.15,12
125.084116754,3.14159265358979,-3.1398473243378,-0.0104690666298793,0.000253358523333347,0.152015114000008,0.15,12
125.236131868,3.14159265358979,-3.1398473243378,-0.0105393288220262,0.000255142637583883,0.152065011999994,0.15,12
125.38819688,3.14159265358979,-3.1398473243378,-0.0105216750049038,0.000241123775544388,0.143950894,0.15,12
125.532147774,3.14159265358979,-3.1398473243378,-0.0105216750049038,0.000254511658291454,0.151943459999998,0.15,12
125.684091234,3.14159265358979,-3.1398473243378,-0.0105216750049038,0.000254595182579569,0.151993324000003,0.15,12
125.836084558,3.14159265358979,-3.1398473243378,-0.0105393288220262,0.000241701191275186,0.144053910000011,0.15,12
125.980138468,3.14159265358979,-3.1398473243378,-0.0105216750049038,0.000254718465661635,0.152066923999996,0.15,12
126.132205392,3.14159265358979,-3.1398473243378,-0.0105040802306481,0.000254031414715722,0.151910786000002,0.15,12
126.284116178,3.14159265358979,-3.1398473243378,-0.0104690666298793,0.000240088824999987,0.144053294999992,0.15,12
126.428169473,3.14159265358979,-3.1398473243378,-0.0104865442035519,0.000253590358931546,0.151900624999996,0.15,12
126.580070098,3.14159265358979,-3.1398473243378,-0.0104865442035519,0.000253973188647761,0.152129940000009,0.15,12
126.732200038,3.14159265358979,-3.1398473243378,-0.0105216750049038,0.000254502329983254,0.151937891000003,0.15,12
126.884137929,3.14159265358979,-3.1398473243378,-0.0105040802306481,0.000240802986622073,0.144000186,0.15,12
127.028138115,3.14159265358979,-3.1398473243378,-0.0105040802306481,0.000254168035117047,0.151992484999994,0.15,12
127.1801306,3.14159265358979,-3.1398473243378,-0.0105040802306481,0.00025432005685619,0.152083394000002,0.15,12
127.332213994,3.14159265358979,-3.1398473243378,-0.0105216750049038,0.000241230678391955,0.144014714999997,0.15,12
127.476228709,3.14159265358979,-3.1398473243378,-0.0105040802306481,0.000254176856187292,0.15199776,0.15,12
127.628226469,3.14159265358979,-3.1398473243378,-0.0104865442035519,0.00025370153589316,0.151967220000003,0.15,12
127.780193689,3.14159265358979,-3.1398473243378,-0.0105040802306481,0.000240670078595305,0.143920706999992,0.15,12
127.924114396,3.14159265358979,-3.1398473243378,-0.0104690666298793,0.000253433983333338,0.152060390000003,0.15,12
128.076174786,3.14159265358979,-3.1398473243378,-0.0105040802306481,0.000254153635451497,0.151983873999995,0.15,12
128.22815866,3.14159265358979,-3.1398473243378,-0.0105216750049038,0.000241302231155797,0.144057432000011,0.15,12
128.372216092,3.14159265358979,-3.1398473243378,-0.0105393288220262,0.000255001412751679,0.151980842,0.15,12
128.524196934,3.14159265358979,-3.1398473243378,-0.0105216750049038,0.00025444775711894,0.151905311000007,0.15,12
128.676102245,3.14159265358979,-3.1398473243378,-0.0104865442035519,0.000240599217028347,0.14411893099998,0.15,12
128.820221176,3.14159265358979,-3.1398473243378,-0.0105040802306481,0.000254165309364562,0.151990855000008,0.15,12
128.972212031,3.14159265358979,-3.1398473243378,-0.0105216750049038,0.000254651571189261,0.152026987999989,0.15,12
129.124239019,3.14159265358979,-3.1398473243378,-0.0105040802306481,0.000240745946488339,0.143966076000027,0.15,12
129.268205095,3.14159265358979,-3.1398473243378,-0.0105040802306481,0.000254143819397993,0.151978004,0.15,12
129.420183099,3.14159265358979,-3.1398473243378,-0.0104690666298793,0.000253355686666623,0.152013411999974,0.15,12
129.572196511,3.14159265358979,-3.1398473243378,-0.0105216750049038,0.000254680594639886,0.152044315000012,0.15,12
129.724240826,3.14159265358979,-3.1398473243378,-0.0105216750049038,0.000241194474036862,0.143993101000007,0.15,12
129.868233927,3.14159265358979,-3.1398473243378,-0.0105216750049038,0.00025448810720268,0.1519294,0.15,12
130.020163327,3.14159265358979,-3.1398473243378,-0.0105040802306481,0.000254269884615353,0.152053390999981,0.15,12
130.172216718,3.14159265358979,-3.1398473243378,-0.0105040802306481,0.000240892366220746,0.144053635000006,0.15,12
130.316270353,3.14159265358979,-3.1398473243378,-0.0105040802306481,0.000254193198996684,0.152007533000017,0.15,12
130.468277886,3.14159265358979,-3.1398473243378,-0.0105216750049038,0.000254600122278024,0.15199627299998,0.15,12
130.620274159,3.14159265358979,-3.1398473243378,-0.0105216750049038,0.000241064167504194,0.143915308000004,0.15,12
130.764189467,3.14159265358979,-3.1398473243378,-0.0104516472178496,0.000253117021630607,0.152123329999995,0.15,12
130.916312797,3.14159265358979,-3.1398473243378,-0.0104865442035519,0.000253648113522559,0.151935220000013,0.15,12
131.068248017,3.14159265358979,-3.1398473243378,-0.0104865442035519,0.000240380003338894,0.143987621999997,0.15,12
131.212235639,3.14159265358979,-3.1398473243378,-0.0105393288220262,0.000254939320469794,0.151943834999997,0.15,12
131.364179474,3.14159265358979,-3.1398473243378,-0.0105040802306481,0.000254284916387942,0.15206237999999,0.15,12
131.516241854,3.14159265358979,-3.1398473243378,-0.0105216750049038,0.00024123332830822,0.144016297000007,0.15,12
131.660258151,3.14159265358979,-3.1398473243378,-0.0105040802306481,0.000254193505016746,0.152007716000014,0.15,12
131.812265867,3.14159265358979,-3.1398473243378,-0.0105040802306481,0.000254197006688932,0.152009809999981,0.15,12
131.964275677,3.14159265358979,-3.1398473243378,-0.0105040802306481,0.000254063844481612,0.151930179000004,0.15,12
132.116205856,3.14159265358979,-3.1398473243378,-0.0104865442035519,0.000240588904841435,0.14411275400002,0.15,12
132.26031861,3.14159265358979,-3.1398473243378,-0.0104690666298793,0.000253214021666632,0.151928412999979,0.15,12
132.412247023,3.14159265358979,-3.1398473243378,-0.0104865442035519,0.000253810410684496,0.152032436000013,0.15,12
132.564279459,3.14159265358979,-3.1398473243378,-0.0105216750049038,0.000241224688442187,0.144011138999986,0.15,12
132.708290598,3.14159265358979,-3.1398473243378,-0.0105040802306481,0.000254075479933118,0.151937137000004,0.15,12
132.860227735,3.14159265358979,-3.1398473243378,-0.0105216750049038,0.000254737559464007,0.152078323000012,0.15,12
133.012306058,3.14159265358979,-3.1398473243378,-0.0104690666298793,0.000240023068333339,0.144013841000003,0.15,12
133.156319899,3.14159265358979,-3.1398473243378,-0.0105040802306481,0.000254136643812692,0.15197371299999,0.15,12
133.308293612,3.14159265358979,-3.1398473243378,-0.0105040802306481,0.000254160687290958,0.151988090999993,0.15,12
133.460281703,3.14159265358979,-3.1398473243378,-0.0105040802306481,0.000254168152173948,0.151992555000021,0.15,12
133.612274258,3.14159265358979,-3.1398473243378,-0.0104342856776206,0.000239193048172745,0.143994214999992,0.15,12
133.756268473,3.14159265358979,-3.1398473243378,-0.0104865442035519,0.00025405407512522,0.152178391000007,0.15,12
133.908446864,3.14159265358979,-3.1398473243378,-0.0105040802306481,0.000253968872909661,0.151873385999977,0.15,12
134.06032025,3.14159265358979,-3.1398473243378,-0.0105216750049038,0.000241035266331666,0.143898054000005,0.15,12
134.204218304,3.14159265358979,-3.1398473243378,-0.0105040802306481,0.000254308518394648,0.152076493999999,0.15,12
134.356294798,3.14159265358979,-3.1398473243378,-0.0105040802306481,0.000254240269230771,0.152035681000001,0.15,12
134.508330479,3.14159265358979,-3.1398473243378,-0.0105216750049038,0.000241145083752124,0.143963615000018,0.15,12
134.652294094,3.14159265358979,-3.1398473243378,-0.0105216750049038,0.000254707772194271,0.152060539999979,0.15,12
134.804354634,3.14159265358979,-3.1398473243378,-0.0104865442035519,0.000253568843071803,0.15188773700001,0.15,12
134.956242371,3.14159265358979,-3.1398473243378,-0.0104516472178496,0.000253147881863546,0.152141876999991,0.15,12
135.108384248,3.14159265358979,-3.1398473243378,-0.0105040802306481,0.000240734311036786,0.143959117999998,0.15,12
135.252343366,3.14159265358979,-3.1398473243378,-0.0105216750049038,0.000254585313232828,0.151987431999999,0.15,12
135.404330798,3.14159265358979,-3.1398473243378,-0.0105393288220262,0.000255122209731566,0.152052837000014,0.15,12
135.556383635,3.14159265358979,-3.1398473243378,-0.0105040802306481,0.000240559653846142,0.143854672999993,0.15,12
135.700238308,3.14159265358979,-3.1398473243378,-0.0105393288220262,0.000255249625838929,0.152128777000001,0.15,12
135.852367085,3.14159265358979,-3.1398473243378,-0.0105216750049038,0.000254682541038528,0.152045477000001,0.15,12
136.004412562,3.14159265358979,-3.1398473243378,-0.0104865442035519,0.000240468415692843,0.144040581000013,0.15,12
136.148453143,3.14159265358979,-3.1398473243378,-0.0104865442035519,0.000253520684474123,0.15185889,0.15,12
136.300312033,3.14159265358979,-3.1398473243378,-0.0104865442035519,0.000253974979966614,0.152131013000002,0.15,12
136.452443046,3.14159265358979,-3.1398473243378,-0.0105216750049038,0.000241016087102157,0.143886603999988,0.15,12
136.59632965,3.14159265358979,-3.1398473243378,-0.0105393288220262,0.000255074176174479,0.15202420899999,0.15,12
136.748353859,3.14159265358979,-3.1398473243378,-0.0105216750049038,0.000254689418760481,0.152049583000007,0.15,12
136.900403442,3.14159265358979,-3.1398473243378,-0.0105040802306481,0.000240681643812703,0.143927622999996,0.15,12
137.044331065,3.14159265358979,-3.1398473243378,-0.0105040802306481,0.000254255329431438,0.152044687,0.15,12
137.196375752,3.14159265358979,-3.1398473243378,-0.0105216750049038,0.000254632936348413,0.152015863000003,0.15,12
137.348391615,3.14159265358979,-3.1398473243378,-0.0105216750049038,0.000241191011725309,0.14399103400001,0.15,12
137.492382649,3.14159265358979,-3.1398473243378,-0.0104865442035519,0.000255959500834708,0.15331974099999,0.15,12
137.64570239,3.14159265358979,-3.1398473243378,-0.0104690666298793,0.000251110918333334,0.150666551,0.15,12
137.796368941,3.14159265358979,-3.1398473243378,-0.0105040802306481,0.000240881949832773,0.144047405999999,0.15,12
137.940416347,3.14159265358979,-3.1398473243378,-0.0105216750049038,0.000254605033500854,0.15199920500001,0.15,12
138.092415552,3.14159265358979,-3.1398473243378,-0.0105216750049038,0.000254480465661617,0.151924837999985,0.15,12
138.24434039,3.14159265358979,-3.1398473243378,-0.0105040802306481,0.000240860193979972,0.144034396000023,0.15,12
138.388374786,3.14159265358979,-3.1398473243378,-0.0105040802306481,0.00025432440301001,0.152085992999986,0.15,12
138.540460779,3.14159265358979,-3.1398473243378,-0.0105216750049038,0.00025454453433838,0.151963087000013,0.15,12
138.692423866,3.14159265358979,-3.1398473243378,-0.0105570419797102,0.000241972317647047,0.143973528999993,0.15,12
138.836397395,3.14159265358979,-3.1398473243378,-0.0104865442035519,0.000253909278797979,0.152091657999989,0.15,12
138.988489053,3.14159265358979,-3.1398473243378,-0.0105040802306481,0.000253917362876285,0.151842583000018,0.15,12
139.140331636,3.14159265358979,-3.1398473243378,-0.0104865442035519,0.000253894464106823,0.152082783999987,0.15,12
139.29241442,3.14159265358979,-3.1398473243378,-0.0105040802306481,0.000240727727424742,0.143955180999995,0.15,12
139.436369601,3.14159265358979,-3.1398473243378,-0.0105393288220262,0.000255135041946296,0.152060484999993,0.15,12
139.588430086,3.14159265358979,-3.1398473243378,-0.0105570419797102,0.000241937484033645,0.143952803000019,0.15,12
139.732382889,3.14159265358979,-3.1398473243378,-0.0105216750049038,0.000254448961474024,0.151906029999992,0.15,12
139.884288919,3.14159265358979,-3.1398473243378,-0.0105393288220262,0.000255173137583915,0.152083190000013,0.15,12
140.036372109,3.14159265358979,-3.1398473243378,-0.0105040802306481,0.00024083903344478,0.144021741999978,0.15,12
140.180393851,3.14159265358979,-3.1398473243378,-0.0105393288220262,0.000255102362416103,0.152041007999998,0.15,12
140.332434859,3.14159265358979,-3.1398473243378,-0.0105040802306481,0.000254051839464901,0.151923000000011,0.15,12
140.484357859,3.14159265358979,-3.1398473243378,-0.0104865442035519,0.000240337307178635,0.143962047000002,0.15,12
140.628319906,3.14159265358979,-3.1398473243378,-0.0105216750049038,0.000254669443886117,0.152037658000012,0.15,12
140.780357564,3.14159265358979,-3.1398473243378,-0.0105393288220262,0.000255048390939593,0.152008840999997,0.15,12
140.932366405,3.14159265358979,-3.1398473243378,-0.0105570419797102,0.000242171275630246,0.144091908999997,0.15,12
141.076458314,3.14159265358979,-3.1398473243378,-0.0105393288220262,0.000254832333892607,0.151880070999994,0.15,12
141.228338385,3.14159265358979,-3.1398473243378,-0.0105393288220262,0.000241724518456363,0.144067812999992,0.15,12
141.372406198,3.14159265358979,-3.1398473243378,-0.0105393288220262,0.00025505749496644,0.152014266999998,0.15,12
141.524420465,3.14159265358979,-3.1398473243378,-0.0105216750049038,0.00025467679731993,0.152042047999998,0.15,12
141.676462513,3.14159265358979,-3.1398473243378,-0.0105216750049038,0.000241083489112232,0.143926843000003,0.15,12
141.820389356,3.14159265358979,-3.1398473243378,-0.0105040802306481,0.000254056872909717,0.151926010000011,0.15,12
141.972315366,3.14159265358979,-3.1398473243378,-0.0105393288220262,0.000255331023489928,0.152177289999997,0.15,12
142.124492656,3.14159265358979,-3.1398473243378,-0.0105570419797102,0.000241857426890744,0.143905168999993,0.15,12
142.268397825,3.14159265358979,-3.1398473243378,-0.0105393288220262,0.000255051699664436,0.152010813000004,0.15,12
142.420408638,3.14159265358979,-3.1398473243378,-0.0105216750049038,0.000254609894472388,0.152002107000015,0.15,12
142.572410745,3.14159265358979,-3.1398473243378,-0.0105393288220262,0.000241607983221437,0.143998357999976,0.15,12
142.716409103,3.14159265358979,-3.1398473243378,-0.0105216750049038,0.00025466788944727,0.15203673000002,0.15,12
142.868445833,3.14159265358979,-3.1398473243378,-0.0105216750049038,0.000254625132328292,0.15201120399999,0.15,12
143.020457037,3.14159265358979,-3.1398473243378,-0.0105040802306481,0.000240729581939809,0.143956290000006,0.15,12
143.164413327,3.14159265358979,-3.1398473243378,-0.0105040802306481,0.000254130309364554,0.151969925000003,0.15,12
143.316383252,3.14159265358979,-3.1398473243378,-0.0105393288220262,0.00025533343959732,0.152178730000003,0.15,12
143.468561982,3.14159265358979,-3.1398473243378,-0.0105570419797102,0.000241811826890721,0.143878036999979,0.15,12
143.612440019,3.14159265358979,-3.1398473243378,-0.0105570419797102,0.000255601107563027,0.152082659000001,0.15,12
143.764522678,3.14159265358979,-3.1398473243378,-0.0105570419797102,0.000242039470588263,0.144013485000016,0.15,12
143.908536163,3.14159265358979,-3.1398473243378,-0.0105570419797102,0.000255187294117618,0.151836439999983,0.15,12
144.060372603,3.14159265358979,-3.1398473243378,-0.0105570419797102,0.000242305213445378,0.144171602,0.15,12
144.204544205,3.14159265358979,-3.1398473243378,-0.0105570419797102,0.000255309978151261,0.151909437,0.15,12
144.356453642,3.14159265358979,-3.1398473243378,-0.0105216750049038,0.000254617581239532,0.152006696000001,0.15,12
144.508460338,3.14159265358979,-3.1398473243378,-0.0104690666298793,0.000253479410000021,0.152087646000012,0.15,12
144.660547984,3.14159265358979,-3.1398473243378,-0.0104516472178496,0.000239438497504164,0.143902537000002,0.15,12
144.804450521,3.14159265358979,-3.1398473243378,-0.0105216750049038,0.000254728551088754,0.152072944999986,0.15,12
144.956523466,3.14159265358979,-3.1398473243378,-0.0105393288220262,0.000255042302013433,0.152005212000006,0.15,12
145.108528678,3.14159265358979,-3.1398473243378,-0.0105570419797102,0.000242032280672287,0.144009207000011,0.15,12
145.252537885,3.14159265358979,-3.1398473243378,-0.0105393288220262,0.000254847867449663,0.151889328999999,0.15,12
145.404427214,3.14159265358979,-3.1398473243378,-0.0104865442035519,0.000253977954924875,0.152132795,0.15,12
145.556560009,3.14159265358979,-3.1398473243378,-0.0105216750049038,0.000241404946398637,0.144118752999987,0.15,12
145.700678762,3.14159265358979,-3.1398473243378,-0.0105040802306481,0.000253956053511735,0.151865720000018,0.15,12
145.852544482,3.14159265358979,-3.1398473243378,-0.0104865442035519,0.000253747634390609,0.151994832999975,0.15,12
146.004539315,3.14159265358979,-3.1398473243378,-0.0104690666298793,0.000239818431666663,0.143891058999998,0.15,12
146.148430374,3.14159265358979,-3.1398473243378,-0.0104690666298793,0.00025352208000001,0.152113248000006,0.15,12
146.300543622,3.14159265358979,-3.1398473243378,-0.0105393288220262,0.000255101320469798,0.152040387,0.15,12
146.452584009,3.14159265358979,-3.1398473243378,-0.0105216750049038,0.000240983708542716,0.143867274000002,0.15,12
146.596451283,3.14159265358979,-3.1398473243378,-0.0105216750049038,0.000254862266331678,0.152152773000012,0.15,12
146.748604056,3.14159265358979,-3.1398473243378,-0.0105393288220262,0.000254695320469777,0.151798410999987,0.15,12
146.900402467,3.14159265358979,-3.1398473243378,-0.0105570419797102,0.000242231984873963,0.144128031000008,0.15,12
147.044530498,3.14159265358979,-3.1398473243378,-0.0105216750049038,0.000254573747068687,0.151980527000006,0.15,12
147.196511025,3.14159265358979,-3.1398473243378,-0.0105216750049038,0.00025462237185929,0.152009555999996,0.15,12
147.348520581,3.14159265358979,-3.1398473243378,-0.0104690666298793,0.000240309330000012,0.144185598000007,0.15,12
147.492706179,3.14159265358979,-3.1398473243378,-0.0104865442035519,0.00025340953088481,0.151792309000001,0.15,12
147.644498488,3.14159265358979,-3.1398473243378,-0.0105040802306481,0.000254262396321049,0.152048912999987,0.15,12
147.796547401,3.14159265358979,-3.1398473243378,-0.0104865442035519,0.000240295689482465,0.143937117999997,0.15,12
147.940484519,3.14159265358979,-3.1398473243378,-0.0105393288220262,0.000255191536912758,0.152094156000004,0.15,12
148.092578675,3.14159265358979,-3.1398473243378,-0.0105216750049038,0.000254358207705216,0.151851850000014,0.15,12
148.244430525,3.14159265358979,-3.1398473243378,-0.0105216750049038,0.000241476118927948,0.144161242999985,0.15,12
148.388591768,3.14159265358979,-3.1398473243378,-0.0105393288220262,0.000254925283557037,0.151935468999994,0.15,12
148.540527237,3.14159265358979,-3.1398473243378,-0.0104865442035519,0.0002537980066778,0.152025006000002,0.15,12
148.692552243,3.14159265358979,-3.1398473243378,-0.0105216750049038,0.000241217582914568,0.144006896999997,0.15,12
148.83655914,3.14159265358979,-3.1398473243378,-0.0104690666298793,0.000253104084999999,0.151862451,0.15,12
148.988421591,3.14159265358979,-3.1398473243378,-0.0105570419797102,0.000255661013445393,0.152118303000009,0.15,12
149.140539894,3.14159265358979,-3.1398473243378,-0.0105216750049038,0.000241405360133985,0.144118999999989,0.15,12
149.284658894,3.14159265358979,-3.1398473243378,-0.0105393288220262,0.000254910953020173,0.151926928000023,0.15,12
149.436585822,3.14159265358979,-3.1398473243378,-0.0105570419797102,0.000255353230252068,0.15193517199998,0.15,12
149.588520994,3.14159265358979,-3.1398473243378,-0.0105216750049038,0.000241228507537695,0.144013419000004,0.15,12
149.732534413,3.14159265358979,-3.1398473243378,-0.0105216750049038,0.000254690242881081,0.152050075000005,0.15,12
149.884584488,3.14159265358979,-3.1398473243378,-0.0105040802306481,0.000254102035117075,0.151953017000011,0.15,12
150.036537505,3.14159265358979,-3.1398473243378,-0.0105040802306481,0.000240756081939785,0.143972136999992,0.15,12
150.180509642,3.14159265358979,-3.1398473243378,-0.0105040802306481,0.000254197188963201,0.152009918999994,0.15,12
150.332519561,3.14159265358979,-3.1398473243378,-0.0105216750049038,0.000254819959799007,0.152127516000007,0.15,12
150.484647077,3.14159265358979,-3.1398473243378,-0.0105216750049038,0.000241098780569528,0.143935972000008,0.15,12
150.628583049,3.14159265358979,-3.1398473243378,-0.0105216750049038,0.000254609892797316,0.152002105999998,0.15,12
150.780585155,3.14159265358979,-3.1398473243378,-0.0105393288220262,0.00025512560738255,0.152054862,0.15,12
150.932640017,3.14159265358979,-3.1398473243378,-0.0105216750049038,0.000241110795644858,0.14394314499998,0.15,12
151.076583162,3.14159265358979,-3.1398473243378,-0.0105393288220262,0.000255111758389272,0.152046608000006,0.15,12
151.22862977,3.14159265358979,-3.1398473243378,-0.0105040802306481,0.0002541384147157,0.151974771999988,0.15,12
151.380604542,3.14159265358979,-3.1398473243378,-0.0104865442035519,0.000240392325542596,0.143995003000015,0.15,12
151.524599545,3.14159265358979,-3.1398473243378,-0.0104865442035519,0.000253906061769599,0.15208973099999,0.15,12
151.676689276,3.14159265358979,-3.1398473243378,-0.0105393288220262,0.000254813241610775,0.151868692000022,0.15,12
151.828557968,3.14159265358979,-3.1398473243378,-0.0105393288220262,0.000241766625838916,0.144092908999994,0.15,12
151.972650877,3.14159265358979,-3.1398473243378,-0.0105393288220262,0.000254947444630884,0.151948677000007,0.15,12
152.124599554,3.14159265358979,-3.1398473243378,-0.0105570419797102,0.000242034843697476,0.144010731999998,0.15,12
152.268610286,3.14159265358979,-3.1398473243378,-0.0105570419797102,0.000255411458823526,0.151969817999998,0.15,12
152.420580104,3.14159265358979,-3.1398473243378,-0.0105570419797102,0.000255494670588208,0.152019328999984,0.15,12
152.572599433,3.14159265358979,-3.1398473243378,-0.0105040802306481,0.000240846036789294,0.144025929999998,0.15,12
152.716625363,3.14159265358979,-3.1398473243378,-0.0105216750049038,0.000254624572864318,0.152010869999998,0.15,12
152.868636233,3.14159265358979,-3.1398473243378,-0.0104690666298793,0.000253347443333354,0.152008466000012,0.15,12
153.020644699,3.14159265358979,-3.1398473243378,-0.0105040802306481,0.000240659966555196,0.143914660000007,0.15,12
153.164559359,3.14159265358979,-3.1398473243378,-0.0105748147776559,0.000256025941077409,0.152079408999981,0.15,12
153.316638768,3.14159265358979,-3.1398473243378,-0.0105570419797102,0.00025549044369749,0.152016814000007,0.15,12
153.468655582,3.14159265358979,-3.1398473243378,-0.0105570419797102,0.000242024815126059,0.144004765000005,0.15,12
153.612660347,3.14159265358979,-3.1398473243378,-0.0105926475175845,0.000256437725126481,0.152067571000003,0.15,12
153.764727918,3.14159265358979,-3.1398473243378,-0.0105748147776559,0.000242210489898987,0.143873030999998,0.15,12
153.908600949,3.14159265358979,-3.1398473243378,-0.0105570419797102,0.000255549563025193,0.15205198999999,0.15,12
154.060652939,3.14159265358979,-3.1398473243378,-0.0105570419797102,0.000242061499159693,0.144026592000017,0.15,12
154.204679531,3.14159265358979,-3.1398473243378,-0.0105040802306481,0.000254148347826058,0.151980711999983,0.15,12
154.356660243,3.14159265358979,-3.1398473243378,-0.0105748147776559,0.000255694313131313,0.151882422,0.15,12
154.508542665,3.14159265358979,-3.1398473243378,-0.0105748147776559,0.000242598181818181,0.144103319999999,0.15,12
154.652645985,3.14159265358979,-3.1398473243378,-0.0105570419797102,0.000255523416806733,0.152036433000006,0.15,12
154.804682418,3.14159265358979,-3.1398473243378,-0.0105570419797102,0.000242076653781536,0.144035609000014,0.15,12
154.948718027,3.14159265358979,-3.1398473243378,-0.0105570419797102,0.000255298877310908,0.15190283199999,0.15,12
155.100620859,3.14159265358979,-3.1398473243378,-0.0105926475175845,0.000256343123102864,0.152011471999998,0.15,12
155.252632331,3.14159265358979,-3.1398473243378,-0.0105216750049038,0.000241368904522602,0.144097235999993,0.15,12
155.396729567,3.14159265358979,-3.1398473243378,-0.0105216750049038,0.000254618981574538,0.152007531999999,0.15,12
155.548737099,3.14159265358979,-3.1398473243378,-0.0105216750049038,0.000241228958123955,0.144013688000001,0.15,12
155.692750787,3.14159265358979,-3.1398473243378,-0.0105748147776559,0.000255971161616149,0.152046869999992,0.15,12
155.844797657,3.14159265358979,-3.1398473243378,-0.0105748147776559,0.000255866348484878,0.151984611000017,0.15,12
155.996782268,3.14159265358979,-3.1398473243378,-0.0105748147776559,0.000242576836700322,0.144090640999991,0.15,12
156.140872909,3.14159265358979,-3.1398473243378,-0.0105748147776559,0.000255981745791265,0.152053157000012,0.15,12
156.292926066,3.14159265358979,-3.1398473243378,-0.0105748147776559,0.000242568875420842,0.14408591199998,0.15,12
156.437011978,3.14159265358979,-3.1398473243378,-0.0106105405032561,0.000256715706081083,0.151975698000001,0.15,12
156.588987676,3.14159265358979,-3.1398473243378,-0.0105570419797102,0.000241941137815162,0.143954977000021,0.15,12
156.732942653,3.14159265358979,-3.1398473243378,-0.0105393288220262,0.00025515095469798,0.152069968999996,0.15,12
156.885012622,3.14159265358979,-3.1398473243378,-0.0105393288220262,0.000255079521812088,0.152027395000005,0.15,12
157.037040017,3.14159265358979,-3.1398473243378,-0.0105748147776559,0.000242631474747453,0.144123095999987,0.15,12
157.181163113,3.14159265358979,-3.1398473243378,-0.0106105405032561,0.000256639589527014,0.151930636999992,0.15,12
157.33309375,3.14159265358979,-3.1398473243378,-0.0105748147776559,0.000242561993266012,0.144081824000011,0.15,12
157.477175574,3.14159265358979,-3.1398473243378,-0.0105570419797102,0.000255528668907584,0.152039558000013,0.15,12
157.629215132,3.14159265358979,-3.1398473243378,-0.0105393288220262,0.000241648744966426,0.14402265199999,0.15,12
157.773237784,3.14159265358979,-3.1398473243378,-0.0105748147776559,0.000255927888888884,0.152021165999997,0.15,12
157.92525895,3.14159265358979,-3.1398473243378,-0.0105926475175845,0.000242775912310289,0.143966116000001,0.15,12
158.069225066,3.14159265358979,-3.1398473243378,-0.0106284940404866,0.000257561961082901,0.152219118999994,0.15,12
158.221444185,3.14159265358979,-3.1398473243378,-0.0105748147776559,0.000255762762626274,0.151923081000007,0.15,12
158.373367266,3.14159265358979,-3.1398473243378,-0.0105748147776559,0.000242500212121227,0.144045126000009,0.15,12
158.517412392,3.14159265358979,-3.1398473243378,-0.0105393288220262,0.000255121632550311,0.152052492999985,0.15,12
158.669464885,3.14159265358979,-3.1398473243378,-0.0105926475175845,0.000242701866779094,0.143922207000003,0.15,12
158.813387092,3.14159265358979,-3.1398473243378,-0.0105926475175845,0.00025650254806071,0.152106011000001,0.15,12
158.965493103,3.14159265358979,-3.1398473243378,-0.0105216750049038,0.000254647316582901,0.152024447999992,0.15,12
159.117517551,3.14159265358979,-3.1398473243378,-0.0105216750049038,0.000241246909547756,0.14402440500001,0.15,12
159.261541956,3.14159265358979,-3.1398473243378,-0.0105570419797102,0.000255454494117657,0.151995424000006,0.15,12
159.41353738,3.14159265358979,-3.1398473243378,-0.0105926475175845,0.000242905020236066,0.144042676999987,0.15,12
159.557580057,3.14159265358979,-3.1398473243378,-0.0105926475175845,0.000256385721753823,0.152036733000017,0.15,12
159.70961679,3.14159265358979,-3.1398473243378,-0.0105216750049038,0.000254686117252914,0.15204761199999,0.15,12
159.861664402,3.14159265358979,-3.1398473243378,-0.0105216750049038,0.000241186581239508,0.143988388999986,0.15,12
160.005652791,3.14159265358979,-3.1398473243378,-0.0105216750049038,0.000254607735343392,0.152000818000005,0.15,12
160.157653609,3.14159265358979,-3.1398473243378,-0.0105748147776559,0.000242602395622926,0.144105823000018,0.15,12
160.301759432,3.14159265358979,-3.1398473243378,-0.0105748147776559,0.00025736795454543,0.152876564999985,0.15,12
160.454635997,3.14159265358979,-3.1398473243378,-0.0105748147776559,0.000254485257575776,0.151164243000011,0.15,12
160.60580024,3.14159265358979,-3.1398473243378,-0.0105393288220262,0.000241675194630874,0.144038416000001,0.15,12
160.749838656,3.14159265358979,-3.1398473243378,-0.0105748147776559,0.000255858181818163,0.151979759999989,0.15,12
160.901818416,3.14159265358979,-3.1398473243378,-0.0105926475175845,0.00024295649915682,0.144073203999994,0.15,12
161.04589162,3.14159265358979,-3.1398473243378,-0.0105926475175845,0.000256350610455305,0.152015911999996,0.15,12
161.197907532,3.14159265358979,-3.1398473243378,-0.0105748147776559,0.000242453294612797,0.144017257000002,0.15,12
161.341924789,3.14159265358979,-3.1398473243378,-0.0105748147776559,0.00025590024915829,0.152004748000024,0.15,12
161.493929537,3.14159265358979,-3.1398473243378,-0.0105570419797102,0.000242067068907539,0.144029905999986,0.15,12
161.637959443,3.14159265358979,-3.1398473243378,-0.0105570419797102,0.000255631623529413,0.152100816000001,0.15,12
161.790060259,3.14159265358979,-3.1398473243378,-0.0106105405032561,0.000256824236486502,0.152039948000009,0.15,12
161.942100207,3.14159265358979,-3.1398473243378,-0.0105748147776559,0.000253262127946101,0.150437703999984,0.15,12
162.092537911,3.14159265358979,-3.1398473243378,-0.0105926475175845,0.000245358458684683,0.145497566000017,0.15,12
162.238035477,3.14159265358979,-3.1398473243378,-0.0105393288220262,0.000241854171140907,0.14414508599998,0.15,12
162.382180563,3.14159265358979,-3.1398473243378,-0.0105748147776559,0.00025582510774414,0.151960114000019,0.15,12
162.534140677,3.14159265358979,-3.1398473243378,-0.0105570419797102,0.000241953159663827,0.143962129999977,0.15,12
162.678102807,3.14159265358979,-3.1398473243378,-0.0105393288220262,0.000255103944630874,0.152041951000001,0.15,12
162.830144758,3.14159265358979,-3.1398473243378,-0.0105216750049038,0.000254590271356811,0.151990392000016,0.15,12
162.98213515,3.14159265358979,-3.1398473243378,-0.0105393288220262,0.000241670704697974,0.144035739999993,0.15,12
163.12617089,3.14159265358979,-3.1398473243378,-0.0105216750049038,0.000254760996649924,0.152092315000004,0.15,12
163.278263205,3.14159265358979,-3.1398473243378,-0.0105570419797102,0.000255388825210076,0.151956350999995,0.15,12
163.430219556,3.14159265358979,-3.1398473243378,-0.0105570419797102,0.000242235887394972,0.144130353000008,0.15,12
163.574349909,3.14159265358979,-3.1398473243378,-0.0105393288220262,0.000254816380872464,0.151870562999989,0.15,12
163.726220472,3.14159265358979,-3.1398473243378,-0.0105570419797102,0.000242166942857149,0.144089331000004,0.15,12
163.870309803,3.14159265358979,-3.1398473243378,-0.0105570419797102,0.000255483626890777,0.152012758000012,0.15,12
164.022322561,3.14159265358979,-3.1398473243378,-0.0105570419797102,0.000255480321008371,0.152010790999981,0.15,12
164.174333352,3.14159265358979,-3.1398473243378,-0.0105570419797102,0.000242010334453787,0.143996149000003,0.15,12
164.318329501,3.14159265358979,-3.1398473243378,-0.0105570419797102,0.000255652934453779,0.152113495999998,0.15,12
164.470442997,3.14159265358979,-3.1398473243378,-0.0105570419797102,0.000241933319327765,0.14395032500002,0.15,12
164.614393322,3.14159265358979,-3.1398473243378,-0.0105393288220262,0.000255140105704687,0.152063502999994,0.15,12
164.766456825,3.14159265358979,-3.1398473243378,-0.0105748147776559,0.000255975861952855,0.152049661999996,0.15,12
164.918506487,3.14159265358979,-3.1398473243378,-0.0105748147776559,0.000242284553872066,0.143917025000007,0.15,12
165.062423512,3.14159265358979,-3.1398473243378,-0.0105570419797102,0.000255677048739458,0.152127843999978,0.15,12
165.214551356,3.14159265358979,-3.1398473243378,-0.0105570419797102,0.000241988722689114,0.143983290000023,0.15,12
165.358534646,3.14159265358979,-3.1398473243378,-0.0105570419797102,0.000255597909243704,0.152080756000004,0.15,12
165.510615402,3.14159265358979,-3.1398473243378,-0.0105926475175845,0.000242812064080906,0.143987553999978,0.15,12
165.654602956,3.14159265358979,-3.1398473243378,-0.0105570419797102,0.000255462213445388,0.152000017000006,0.15,12
165.806602973,3.14159265358979,-3.1398473243378,-0.0105216750049038,0.000254568368509213,0.151977316,0.15,12
165.958580289,3.14159265358979,-3.1398473243378,-0.0105216750049038,0.000241259505862659,0.144031925000007,0.15,12
166.102612214,3.14159265358979,-3.1398473243378,-0.0105570419797102,0.00025561610588233,0.152091582999986,0.15,12
166.254703797,3.14159265358979,-3.1398473243378,-0.0105570419797102,0.000255377547899186,0.151949641000016,0.15,12
166.406653438,3.14159265358979,-3.1398473243378,-0.0105570419797102,0.000242064087394938,0.144028131999988,0.15,12
166.55068157,3.14159265358979,-3.1398473243378,-0.0105393288220262,0.000255095285234918,0.152036790000011,0.15,12
166.70271836,3.14159265358979,-3.1398473243378,-0.0105748147776559,0.000242439277777781,0.144008931000002,0.15,12
166.846727291,3.14159265358979,-3.1398473243378,-0.0105748147776559,0.000255910367003348,0.152010757999989,0.15,12
166.998738049,3.14159265358979,-3.1398473243378,-0.0105748147776559,0.000242345969696974,0.143953506000003,0.15,12
167.142691555,3.14159265358979,-3.1398473243378,-0.0105570419797102,0.000255608969747919,0.152087337000012,0.15,12
167.294778892,3.14159265358979,-3.1398473243378,-0.0105570419797102,0.000255509094117607,0.152027910999976,0.15,12
167.446806803,3.14159265358979,-3.1398473243378,-0.0105216750049038,0.000241307395309894,0.144060515000007,0.15,12
167.590867318,3.14159265358979,-3.1398473243378,-0.0105570419797102,0.0002553914739496,0.151957927000012,0.15,12
167.742825245,3.14159265358979,-3.1398473243378,-0.0105748147776559,0.000242446410774388,0.144013167999987,0.15,12
167.886838413,3.14159265358979,-3.1398473243378,-0.0105748147776559,0.000256016227272741,0.152073639000008,0.15,12
168.038912052,3.14159265358979,-3.1398473243378,-0.0105570419797102,0.000255493786554629,0.152018803000004,0.15,12
168.190930855,3.14159265358979,-3.1398473243378,-0.0105570419797102,0.000241972754621849,0.143973789,0.15,12
168.334904644,3.14159265358979,-3.1398473243378,-0.0105748147776559,0.000256347023568997,0.152270131999984,0.15,12
168.487174776,3.14159265358979,-3.1398473243378,-0.0105748147776559,0.00024192702525255,0.143704653000015,0.15,12
168.630879429,3.14159265358979,-3.1398473243378,-0.0105393288220262,0.000255261499999989,0.152135853999994,0.15,12
168.783015283,3.14159265358979,-3.1398473243378,-0.0105393288220262,0.000255026268456371,0.151995655999997,0.15,12
168.935010939,3.14159265358979,-3.1398473243378,-0.0105748147776559,0.000242541611111124,0.144069717000008,0.15,12
169.079080656,3.14159265358979,-3.1398473243378,-0.0105926475175845,0.000256226512647549,0.151942321999996,0.15,12
169.231022978,3.14159265358979,-3.1398473243378,-0.0105570419797102,0.00024203850588236,0.144012911000004,0.15,12
169.375035889,3.14159265358979,-3.1398473243378,-0.0106105405032561,0.000256782304054057,0.152015124000002,0.15,12
169.527051013,3.14159265358979,-3.1398473243378,-0.0105926475175845,0.000242966028667797,0.144078855000004,0.15,12
169.671129868,3.14159265358979,-3.1398473243378,-0.0105926475175845,0.000256213386171969,0.151934537999978,0.15,12
169.823064406,3.14159265358979,-3.1398473243378,-0.0106105405032561,0.000243250369932449,0.14400421900001,0.15,12
169.967068625,3.14159265358979,-3.1398473243378,-0.0105926475175845,0.000256455281618902,0.152077982000009,0.15,12
170.119146607,3.14159265358979,-3.1398473243378,-0.0105393288220262,0.00024169731879193,0.14405160199999,0.15,12
170.263198209,3.14159265358979,-3.1398473243378,-0.0105393288220262,0.000254951239932914,0.151950939000017,0.15,12
170.415149148,3.14159265358979,-3.1398473243378,-0.0105748147776559,0.000255920994949476,0.152017070999989,0.15,12
170.567166219,3.14159265358979,-3.1398473243378,-0.0105570419797102,0.000241908018487401,0.143935271000004,0.15,12
170.71110149,3.14159265358979,-3.1398473243378,-0.0105748147776559,0.000256129614478084,0.152140990999982,0.15,12
170.863242481,3.14159265358979,-3.1398473243378,-0.0105570419797102,0.000241948104201702,0.143959122000012,0.15,12
171.007201603,3.14159265358979,-3.1398473243378,-0.0106105405032561,0.000256803471283804,0.152027655000012,0.15,12
171.159229258,3.14159265358979,-3.1398473243378,-0.0105748147776559,0.000242385713804705,0.143977113999995,0.15,12
171.303206372,3.14159265358979,-3.1398473243378,-0.0105748147776559,0.000255946877104383,0.152032445000003,0.15,12
171.455238817,3.14159265358979,-3.1398473243378,-0.0105570419797102,0.000255594277310887,0.152078594999978,0.15,12
171.607317412,3.14159265358979,-3.1398473243378,-0.0105570419797102,0.000241968979831967,0.143971543000021,0.15,12
171.751288955,3.14159265358979,-3.1398473243378,-0.0105926475175845,0.000256374187183796,0.152029892999991,0.15,12
171.903318848,3.14159265358979,-3.1398473243378,-0.0105926475175845,0.00024276199999999,0.143957865999994,0.15,12
172.047276714,3.14159265358979,-3.1398473243378,-0.0105570419797102,0.000255541833613439,0.152047390999996,0.15,12
172.199324105,3.14159265358979,-3.1398473243378,-0.0105926475175845,0.000242883635750422,0.144029996,0.15,12
172.343354101,3.14159265358979,-3.1398473243378,-0.0105748147776559,0.00025595877272727,0.152039510999998,0.15,12
172.495393612,3.14159265358979,-3.1398473243378,-0.0105570419797102,0.000241978892436982,0.143977441000004,0.15,12
172.639371053,3.14159265358979,-3.1398473243378,-0.0105926475175845,0.000256214996627313,0.151935492999996,0.15,12
172.791306546,3.14159265358979,-3.1398473243378,-0.0105748147776559,0.000256049585858602,0.15209345400001,0.15,12
172.9434,3.14159265358979,-3.1398473243378,-0.0105748147776559,0.000242534309764311,0.144065380000001,0.15,12
173.08746538,3.14159265358979,-3.1398473243378,-0.0105393288220262,0.000255066746644307,0.152019781000007,0.15,12
173.239485161,3.14159265358979,-3.1398473243378,-0.0105393288220262,0.00024160203523491,0.143994813000006,0.15,12
173.383479974,3.14159265358979,-3.1398473243378,-0.0105748147776559,0.000255768542087535,0.151926513999996,0.15,12
173.535406488,3.14159265358979,-3.1398473243378,-0.0105748147776559,0.000256010569023563,0.152070277999997,0.15,12
173.687476766,3.14159265358979,-3.1398473243378,-0.0105926475175845,0.000242994718381102,0.144095867999994,0.15,12
173.831572634,3.14159265358979,-3.1398473243378,-0.0105748147776559,0.000255773964646482,0.15192973500001,0.15,12
173.983502369,3.14159265358979,-3.1398473243378,-0.0106105405032561,0.000243176130067551,0.14396026899999,0.15,12
174.127462638,3.14159265358979,-3.1398473243378,-0.0106105405032561,0.000256872983108137,0.152068806000017,0.15,12
174.279531444,3.14159265358979,-3.1398473243378,-0.0105748147776559,0.000242437311447795,0.144007762999991,0.15,12
174.423539207,3.14159265358979,-3.1398473243378,-0.0105748147776559,0.000255775358585871,0.151930563000008,0.15,12
174.57546977,3.14159265358979,-3.1398473243378,-0.0105570419797102,0.000242052882352908,0.14402146499998,0.15,12
174.719491235,3.14159265358979,-3.1398473243378,-0.0105748147776559,0.000255973116161651,0.152048031000021,0.15,12
174.871539266,3.14159265358979,-3.1398473243378,-0.0105748147776559,0.000242607681818147,0.144108962999979,0.15,12
175.015648229,3.14159265358979,-3.1398473243378,-0.0105748147776559,0.000255752299663289,0.151916865999993,0.15,12
175.167565095,3.14159265358979,-3.1398473243378,-0.0106105405032561,0.000256842320945982,0.152050654000021,0.15,12
175.319615749,3.14159265358979,-3.1398473243378,-0.0105748147776559,0.000242551446127924,0.144075558999987,0.15,12
175.463691308,3.14159265358979,-3.1398473243378,-0.0105748147776559,0.000255684893939386,0.151876826999995,0.15,12
175.615568135,3.14159265358979,-3.1398473243378,-0.0106105405032561,0.000243403315878375,0.144094762999998,0.15,12
175.759662898,3.14159265358979,-3.1398473243378,-0.0105570419797102,0.000255501090756305,0.152023149000001,0.15,12
175.911686047,3.14159265358979,-3.1398473243378,-0.0105570419797102,0.000242095448739515,0.144046792000012,0.15,12
176.055732839,3.14159265358979,-3.1398473243378,-0.0105393288220262,0.000254955536912736,0.151953499999991,0.15,12
176.207686339,3.14159265358979,-3.1398473243378,-0.0105748147776559,0.000256029523569049,0.152081537000015,0.15,12
176.359767876,3.14159265358979,-3.1398473243378,-0.0105748147776559,0.000242355574074042,0.143959210999981,0.15,12
176.503727087,3.14159265358979,-3.1398473243378,-0.0106105405032561,0.000256763905405446,0.152004232000024,0.15,12
176.655731319,3.14159265358979,-3.1398473243378,-0.0105926475175845,0.000242720396290031,0.143933194999988,0.15,12
176.799664514,3.14159265358979,-3.1398473243378,-0.0106105405032561,0.000256701327702715,0.151967186000007,0.15,12
176.9516317,3.14159265358979,-3.1398473243378,-0.0105748147776559,0.00024263351851851,0.144124309999995,0.15,12
177.09575601,3.14159265358979,-3.1398473243378,-0.0105926475175845,0.00025623838111299,0.151949360000003,0.15,12
177.24770537,3.14159265358979,-3.1398473243378,-0.0105748147776559,0.000242336932659907,0.143948137999985,0.15,12
177.391653508,3.14159265358979,-3.1398473243378,-0.0105748147776559,0.000255957508417526,0.152038760000011,0.15,12
177.543692268,3.14159265358979,-3.1398473243378,-0.0105748147776559,0.000242344466329984,0.14395261300001,0.15,12
177.687644881,3.14159265358979,-3.1398473243378,-0.0105748147776559,0.000256137651515152,0.152145765,0.15,12
177.839790646,3.14159265358979,-3.1398473243378,-0.0106105405032561,0.000243357179054044,0.144067449999994,0.15,12
177.983858096,3.14159265358979,-3.1398473243378,-0.0106105405032561,0.00025674678040541,0.151994094000003,0.15,12
178.13585219,3.14159265358979,-3.1398473243378,-0.0105748147776559,0.000255872946127917,0.151988529999983,0.15,12
178.28784072,3.14159265358979,-3.1398473243378,-0.0105926475175845,0.000242600362563232,0.143862014999996,0.15,12
178.431702735,3.14159265358979,-3.1398473243378,-0.0106105405032561,0.000256872540540544,0.152068544000002,0.15,12
178.583771279,3.14159265358979,-3.1398473243378,-0.0105748147776559,0.000242739870370364,0.144187482999996,0.15,12
178.727958762,3.14159265358979,-3.1398473243378,-0.0105570419797102,0.000255451176470623,0.15199345000002,0.15,12
178.879952212,3.14159265358979,-3.1398473243378,-0.0105040802306481,0.000254009705685596,0.151897803999987,0.15,12
179.031850016,3.14159265358979,-3.1398473243378,-0.0105216750049038,0.000241256597989959,0.144030189000006,0.15,12
179.175880205,3.14159265358979,-3.1398473243378,-0.0105748147776559,0.000255856545454559,0.151978788000008,0.15,12
179.327858993,3.14159265358979,-3.1398473243378,-0.0105570419797102,0.000242006554621846,0.143993899999998,0.15,12
179.471852893,3.14159265358979,-3.1398473243378,-0.0106105405032561,0.00025689210979727,0.152080128999984,0.15,12
179.623933022,3.14159265358979,-3.1398473243378,-0.0105926475175845,0.000242655143338981,0.143894500000016,0.15,12
179.767827522,3.14159265358979,-3.1398473243378,-0.0106284940404866,0.000257296974619266,0.152062511999986,0.15,12
179.919890034,3.14159265358979,-3.1398473243378,-0.0106284940404866,0.000243649632825738,0.143996933000011,0.15,12
180.063886967,3.14159265358979,-3.1398473243378,-0.0105926475175845,0.000256333300168651,0.15200564700001,0.15,12
180.215892614,3.14159265358979,-3.1398473243378,-0.0105570419797102,0.000242132196638641,0.144068656999991,0.15,12
180.359961271,3.14159265358979,-3.1398473243378,-0.0105570419797102,0.000255385381512617,0.151954302000007,0.15,12
180.511915573,3.14159265358979,-3.1398473243378,-0.0105748147776559,0.000242665925925932,0.144143560000003,0.15,12
180.656059133,3.14159265358979,-3.1398473243378,-0.0106284940404866,0.000256949857867975,0.151857365999973,0.15,12
180.807916499,3.14159265358979,-3.1398473243378,-0.0105926475175845,0.000243083097807756,0.144148276999999,0.15,12
180.952064776,3.14159265358979,-3.1398473243378,-0.0105926475175845,0.000256550758853307,0.152134600000011,0.15,12
181.104199376,3.14159265358979,-3.1398473243378,-0.0105926475175845,0.000255828595278237,0.151706356999995,0.15,12
181.255905733,3.14159265358979,-3.1398473243378,-0.0105926475175845,0.000243150531197296,0.144188264999997,0.15,12
181.400093998,3.14159265358979,-3.1398473243378,-0.0105748147776559,0.00025573005387208,0.151903652000016,0.15,12
181.55199765,3.14159265358979,-3.1398473243378,-0.0105570419797102,0.000242019458823531,0.144001578000001,0.15,12
181.695999228,3.14159265358979,-3.1398473243378,-0.0105748147776559,0.000255812740740742,0.151952768000001,0.15,12
181.847951996,3.14159265358979,-3.1398473243378,-0.0105748147776559,0.000242447981481451,0.144014100999982,0.15,12
181.991966097,3.14159265358979,-3.1398473243378,-0.0105748147776559,0.000256189023569058,0.15217628000002,0.15,12
182.144142377,3.14159265358979,-3.1398473243378,-0.0105926475175845,0.000242673824620552,0.143905577999988,0.15,12
182.288047955,3.14159265358979,-3.1398473243378,-0.0105926475175845,0.000256265168634087,0.151965245000014,0.15,12
182.4400132,3.14159265358979,-3.1398473243378,-0.0105748147776559,0.000255851782828279,0.151975958999998,0.15,12
182.591989159,3.14159265358979,-3.1398473243378,-0.0105926475175845,0.000242946359190565,0.144067191000005,0.15,12
182.73605635,3.14159265358979,-3.1398473243378,-0.0105926475175845,0.000256347089376043,0.152013823999994,0.15,12
182.888070174,3.14159265358979,-3.1398473243378,-0.0105926475175845,0.000242852045531166,0.144011262999982,0.15,12
183.032081437,3.14159265358979,-3.1398473243378,-0.0105926475175845,0.000256559483979773,0.152139774000005,0.15,12
183.184221211,3.14159265358979,-3.1398473243378,-0.0105748147776559,0.000242252925925959,0.14389823800002,0.15,12
183.328119449,3.14159265358979,-3.1398473243378,-0.0105748147776559,0.00025602882828279,0.152081123999977,0.15,12
183.480200573,3.14159265358979,-3.1398473243378,-0.0105748147776559,0.000242194734006749,0.143863672000009,0.15,12
183.624064245,3.14159265358979,-3.1398473243378,-0.0105926475175845,0.000256345976391248,0.15201316400001,0.15,12
183.776077409,3.14159265358979,-3.1398473243378,-0.0106105405032561,0.000244389525337842,0.144678599000002,0.15,12
183.920756008,3.14159265358979,-3.1398473243378,-0.0106105405032561,0.000255642606418908,0.151340422999994,0.15,12
184.072096431,3.14159265358979,-3.1398473243378,-0.0105926475175845,0.000242934822934215,0.14406034999999,0.15,12
184.216156781,3.14159265358979,-3.1398473243378,-0.0106284940404866,0.000257295248730967,0.152061492000001,0.15,12
184.368218273,3.14159265358979,-3.1398473243378,-0.0106465084371654,0.000243968113559315,0.143941186999996,0.15,12
184.51215946,3.14159265358979,-3.1398473243378,-0.0105570419797102,0.000255316216806714,0.151913148999995,0.15,12
184.664072609,3.14159265358979,-3.1398473243378,-0.0105570419797102,0.000255693292436973,0.152137508999999,0.15,12
184.816210118,3.14159265358979,-3.1398473243378,-0.0105570419797102,0.000241912537815154,0.143937960000017,0.15,12
184.960148078,3.14159265358979,-3.1398473243378,-0.0105926475175845,0.000256189370994947,0.151920297000004,0.15,12
185.112068375,3.14159265358979,-3.1398473243378,-0.0105748147776559,0.000242713819865299,0.144172008999988,0.15,12
185.256240384,3.14159265358979,-3.1398473243378,-0.0105926475175845,0.00025608851770659,0.151860491000008,0.15,12
185.408100875,3.14159265358979,-3.1398473243378,-0.0105570419797102,0.000242269786554635,0.144150523000008,0.15,12
185.552251398,3.14159265358979,-3.1398473243378,-0.0105748147776559,0.000255776195286164,0.151931059999981,0.15,12
185.704182458,3.14159265358979,-3.1398473243378,-0.0105748147776559,0.000242445215488249,0.14401245800002,0.15,12
185.848194916,3.14159265358979,-3.1398473243378,-0.0105748147776559,0.000256002301346763,0.152065366999977,0.15,12
186.000260283,3.14159265358979,-3.1398473243378,-0.0105570419797102,0.000255265458823543,0.151882948000008,0.15,12
186.152143231,3.14159265358979,-3.1398473243378,-0.0105040802306481,0.000240935939799316,0.144079691999991,0.15,12
186.296222923,3.14159265358979,-3.1398473243378,-0.0105216750049038,0.000254714015075401,0.152064267000014,0.15,12
186.44828719,3.14159265358979,-3.1398473243378,-0.0105393288220262,0.000254900164429547,0.15192049800001,0.15,12
186.600207688,3.14159265358979,-3.1398473243378,-0.0105393288220262,0.000242232753355707,0.144370721000001,0.15,12
186.744578409,3.14159265358979,-3.1398473243378,-0.0105570419797102,0.000254969008403327,0.15170655999998,0.15,12
186.896284969,3.14159265358979,-3.1398473243378,-0.0105216750049038,0.000254498614740363,0.151935672999997,0.15,12
187.048220642,3.14159265358979,-3.1398473243378,-0.0105216750049038,0.000241222355108916,0.144009746000023,0.15,12
187.192230388,3.14159265358979,-3.1398473243378,-0.0105748147776559,0.000256006816498281,0.152068048999979,0.15,12
187.344298437,3.14159265358979,-3.1398473243378,-0.0105216750049038,0.000241093179229507,0.143932628000016,0.15,12
187.488231065,3.14159265358979,-3.1398473243378,-0.0104865442035519,0.000253923348914842,0.15210008599999,0.15,12
187.640331151,3.14159265358979,-3.1398473243378,-0.0104865442035519,0.000253835173622717,0.152047269000008,0.15,12
187.79237842,3.14159265358979,-3.1398473243378,-0.0105040802306481,0.000254021110367887,0.151904623999997,0.15,12
187.944283044,3.14159265358979,-3.1398473243378,-0.0105216750049038,0.000241219912897838,0.144008288000009,0.15,12
188.088291332,3.14159265358979,-3.1398473243378,-0.0105393288220262,0.000254966716442926,0.151960162999984,0.15,12
188.240251495,3.14159265358979,-3.1398473243378,-0.0105393288220262,0.000241861179530206,0.144149263000003,0.15,12
188.384400758,3.14159265358979,-3.1398473243378,-0.0105216750049038,0.000254489291457284,0.151930106999998,0.15,12
188.536330865,3.14159265358979,-3.1398473243378,-0.0105216750049038,0.000254631606365184,0.152015069000015,0.15,12
188.688345934,3.14159265358979,-3.1398473243378,-0.0105040802306481,0.000254125924749151,0.151967302999992,0.15,12
188.840313237,3.14159265358979,-3.1398473243378,-0.0104865442035519,0.000240494325542554,0.14405610099999,0.15,12
188.984369338,3.14159265358979,-3.1398473243378,-0.0105393288220262,0.000254960352348982,0.151956369999994,0.15,12
189.136325708,3.14159265358979,-3.1398473243378,-0.0105393288220262,0.00024173512416111,0.144074134000022,0.15,12
189.280399842,3.14159265358979,-3.1398473243378,-0.0105393288220262,0.000255008820469762,0.151985256999978,0.15,12
189.432385099,3.14159265358979,-3.1398473243378,-0.0105570419797102,0.000255375959663874,0.151948696000005,0.15,12
189.584333795,3.14159265358979,-3.1398473243378,-0.0105748147776559,0.00024248132828283,0.144033909000001,0.15,12
189.728367704,3.14159265358979,-3.1398473243378,-0.0105216750049038,0.000254615355108903,0.152005367000015,0.15,12
189.880373071,3.14159265358979,-3.1398473243378,-0.0104865442035519,0.000253758682804657,0.15200145099999,0.15,12
190.032374522,3.14159265358979,-3.1398473243378,-0.0105216750049038,0.000241225611390307,0.144011690000013,0.15,12
190.176386212,3.14159265358979,-3.1398473243378,-0.0105040802306481,0.000254065787625408,0.151931340999994,0.15,12
190.328317553,3.14159265358979,-3.1398473243378,-0.0105748147776559,0.000242614999999991,0.144113309999994,0.15,12
190.472430863,3.14159265358979,-3.1398473243378,-0.0105748147776559,0.000255913122895647,0.152012395000014,0.15,12
190.624443258,3.14159265358979,-3.1398473243378,-0.0105570419797102,0.000255473557983175,0.152006766999989,0.15,12
190.776450025,3.14159265358979,-3.1398473243378,-0.0105216750049038,0.00024123498157454,0.144017284,0.15,12
190.920467309,3.14159265358979,-3.1398473243378,-0.0105216750049038,0.000254728758793988,0.152073069000011,0.15,12
191.072540378,3.14159265358979,-3.1398473243378,-0.0105040802306481,0.000254032617056834,0.151911504999987,0.15,12
191.224451883,3.14159265358979,-3.1398473243378,-0.0104865442035519,0.000240381158597683,0.143988314000012,0.15,12
191.368440197,3.14159265358979,-3.1398473243378,-0.0105040802306481,0.000254210285953158,0.152017750999988,0.15,12
191.520457948,3.14159265358979,-3.1398473243378,-0.0104690666298793,0.000253170278333338,0.151902167000003,0.15,12
191.672360115,3.14159265358979,-3.1398473243378,-0.0105216750049038,0.000241387314907879,0.144108227000004,0.15,12
191.816468342,3.14159265358979,-3.1398473243378,-0.0105393288220262,0.000255019909395978,0.151991866000003,0.15,12
191.968460208,3.14159265358979,-3.1398473243378,-0.0105748147776559,0.00025603614478115,0.152085470000003,0.15,12
192.120545678,3.14159265358979,-3.1398473243378,-0.0105570419797102,0.000242072563025169,0.144033174999976,0.15,12
192.264578853,3.14159265358979,-3.1398473243378,-0.0105393288220262,0.000254692565436266,0.151796769000015,0.15,12
192.416375622,3.14159265358979,-3.1398473243378,-0.0105570419797102,0.000242265527731099,0.144147989000004,0.15,12
192.560523611,3.14159265358979,-3.1398473243378,-0.0105570419797102,0.000255413793277315,0.151971207000003,0.15,12
192.712494818,3.14159265358979,-3.1398473243378,-0.0105216750049038,0.000254660509212689,0.152032323999975,0.15,12
192.864527142,3.14159265358979,-3.1398473243378,-0.0105040802306481,0.000240895752508396,0.144055660000021,0.15,12
193.008582802,3.14159265358979,-3.1398473243378,-0.0105040802306481,0.000253952969899654,0.151863875999993,0.15,12
193.160446678,3.14159265358979,-3.1398473243378,-0.0105393288220262,0.000255155808724851,0.152072862000011,0.15,12
193.31251954,3.14159265358979,-3.1398473243378,-0.0105926475175845,0.000242748634064079,0.143949939999999,0.15,12
193.45646948,3.14159265358979,-3.1398473243378,-0.0105748147776559,0.000256030767676746,0.152082275999987,0.15,12
193.608551756,3.14159265358979,-3.1398473243378,-0.0105393288220262,0.000241540771812095,0.143958300000008,0.15,12
193.752510056,3.14159265358979,-3.1398473243378,-0.0105216750049038,0.000254698023450578,0.152054719999995,0.15,12
193.904564776,3.14159265358979,-3.1398473243378,-0.0105216750049038,0.000254718311557793,0.152066832000003,0.15,12
194.056631608,3.14159265358979,-3.1398473243378,-0.0105393288220262,0.000241490530201348,0.143928356000004,0.15,12
194.200559964,3.14159265358979,-3.1398473243378,-0.0105040802306481,0.00025418986956519,0.152005541999984,0.15,12
194.352565506,3.14159265358979,-3.1398473243378,-0.0105040802306481,0.000254147289297655,0.151980078999998,0.15,12
194.504545585,3.14159265358979,-3.1398473243378,-0.0104690666298793,0.000253491640000002,0.152094984000001,0.15,12
194.656640569,3.14159265358979,-3.1398473243378,-0.0104865442035519,0.000240340961602699,0.143964236000016,0.15,12
194.800604805,3.14159265358979,-3.1398473243378,-0.0105926475175845,0.000256316367622235,0.151995605999986,0.15,12
194.952600411,3.14159265358979,-3.1398473243378,-0.0105748147776559,0.000242387227272742,0.143978013000009,0.15,12
195.096578424,3.14159265358979,-3.1398473243378,-0.0105393288220262,0.000254925625838921,0.151935672999997,0.15,12
195.248514097,3.14159265358979,-3.1398473243378,-0.0105393288220262,0.000241802176174495,0.144114096999999,0.15,12
195.392628194,3.14159265358979,-3.1398473243378,-0.0105748147776559,0.000255851878787865,0.151976015999992,0.15,12
195.54460421,3.14159265358979,-3.1398473243378,-0.0105926475175845,0.000256365419898828,0.152024694000005,0.15,12
195.696628904,3.14159265358979,-3.1398473243378,-0.0105570419797102,0.000242565931092436,0.144326728999999,0.15,12
195.840955633,3.14159265358979,-3.1398473243378,-0.0105570419797102,0.000254952092436992,0.15169649500001,0.15,12
195.992652128,3.14159265358979,-3.1398473243378,-0.0105926475175845,0.000242846344013509,0.144007882000011,0.15,12
196.13666001,3.14159265358979,-3.1398473243378,-0.0105040802306481,0.000254216988294279,0.152021758999979,0.15,12
196.288681769,3.14159265358979,-3.1398473243378,-0.0105216750049038,0.000254578793969855,0.151983540000003,0.15,12
196.440665309,3.14159265358979,-3.1398473243378,-0.0105216750049038,0.000244563284757148,0.146004281000017,0.15,12
196.58666959,3.14159265358979,-3.1398473243378,-0.0105040802306481,0.000250829113712339,0.149995809999979,0.15,12
196.7366654,3.14159265358979,-3.1398473243378,-0.0104865442035519,0.000253710911519197,0.151972835999999,0.15,12
196.888638236,3.14159265358979,-3.1398473243378,-0.0105040802306481,0.000240754433110396,0.143971151000017,0.15,12
197.032609387,3.14159265358979,-3.1398473243378,-0.0105040802306481,0.000254281623745785,0.152060410999979,0.15,12
197.184669798,3.14159265358979,-3.1398473243378,-0.0104865442035519,0.000253618560934899,0.151917518000005,0.15,12
197.336587316,3.14159265358979,-3.1398473243378,-0.0104690666298793,0.000253409045000031,0.152045427000019,0.15,12
197.488632743,3.14159265358979,-3.1398473243378,-0.0105216750049038,0.000241312244556116,0.144063410000001,0.15,12
197.632696153,3.14159265358979,-3.1398473243378,-0.0105216750049038,0.000254529611390256,0.151954177999983,0.15,12
197.784650331,3.14159265358979,-3.1398473243378,-0.0105570419797102,0.000255409764705882,0.15196881,0.15,12
197.936619141,3.14159265358979,-3.1398473243378,-0.0105040802306481,0.000240859561872932,0.144034018000013,0.15,12
198.080653159,3.14159265358979,-3.1398473243378,-0.0105570419797102,0.000255495921008384,0.152020072999989,0.15,12
198.232673232,3.14159265358979,-3.1398473243378,-0.0105040802306481,0.000240775399665568,0.143983689000009,0.15,12
198.376656921,3.14159265358979,-3.1398473243378,-0.0105393288220262,0.000255051936241595,0.152010953999991,0.15,12
198.528667875,3.14159265358979,-3.1398473243378,-0.0105216750049038,0.000254572257956449,0.151979638,0.15,12
198.680647513,3.14159265358979,-3.1398473243378,-0.0104865442035519,0.000240565245409012,0.144098581999998,0.15,12
198.824746095,3.14159265358979,-3.1398473243378,-0.0105216750049038,0.000254528479061973,0.151953501999998,0.15,12
198.976699597,3.14159265358979,-3.1398473243378,-0.0105570419797102,0.000255448203361342,0.151991680999998,0.15,12
199.128691278,3.14159265358979,-3.1398473243378,-0.0105393288220262,0.00024162118624162,0.144006227000006,0.15,12
199.272697505,3.14159265358979,-3.1398473243378,-0.0105570419797102,0.000255232998319318,0.151863633999994,0.15,12
199.424561139,3.14159265358979,-3.1398473243378,-0.0105570419797102,0.000242253067226929,0.144140575000023,0.15,12
199.568701714,3.14159265358979,-3.1398473243378,-0.0105570419797102,0.000255481322689055,0.152011386999988,0.15,12
199.720713101,3.14159265358979,-3.1398473243378,-0.0105040802306481,0.000254188667224078,0.152004822999999,0.15,12
199.872717924,3.14159265358979,-3.1398473243378,-0.0105040802306481,0.000254225025083612,0.152026565,0.15,12
200.024744489,3.14159265358979,-3.1398473243378,-0.0105040802306481,0.000240567586956501,0.143859416999987,0.15,12
200.168603906,3.14159265358979,-3.1398473243378,-0.0105570419797102,0.000255656381512643,0.152115547000022,0.15,12
200.320719453,3.14159265358979,-3.1398473243378,-0.0105570419797102,0.00024202781008404,0.144006547000004,0.15,12
200.464726,3.14159265358979,-3.1398473243378,-0.0105570419797102,0.000255529694117622,0.152040167999985,0.15,12
200.616766168,3.14159265358979,-3.1398473243378,-0.0105393288220262,0.00025489310402685,0.151916290000003,0.15,12
200.768682458,3.14159265358979,-3.1398473243378,-0.0105570419797102,0.000242147405042,0.14407770599999,0.15,12
200.912760164,3.14159265358979,-3.1398473243378,-0.0105570419797102,0.000255566532773141,0.152062087000019,0.15,12
201.064822251,3.14159265358979,-3.1398473243378,-0.0105216750049038,0.000254543249581232,0.151962319999996,0.15,12
201.216784571,3.14159265358979,-3.1398473243378,-0.0104690666298793,0.00023999588833334,0.143997533000004,0.15,12
201.360782104,3.14159265358979,-3.1398473243378,-0.0105216750049038,0.00025452514907871,0.15195151399999,0.15,12
201.512733618,3.14159265358979,-3.1398473243378,-0.0105570419797102,0.000242113063865572,0.144057273000016,0.15,12
201.656790891,3.14159265358979,-3.1398473243378,-0.0105570419797102,0.00025538333613441,0.151953084999974,0.15,12
201.808743976,3.14159265358979,-3.1398473243378,-0.0105570419797102,0.000255490963025222,0.152017123000007,0.15,12
201.960761099,3.14159265358979,-3.1398473243378,-0.0105570419797102,0.000242019744537805,0.144001747999994,0.15,12
202.104762847,3.14159265358979,-3.1398473243378,-0.0105748147776559,0.000255778799663334,0.15193260700002,0.15,12
202.256695454,3.14159265358979,-3.1398473243378,-0.0105393288220262,0.000241870015100656,0.144154528999991,0.15,12
202.400849983,3.14159265358979,-3.1398473243378,-0.0105216750049038,0.000254464884422094,0.15191553599999,0.15,12
202.552765519,3.14159265358979,-3.1398473243378,-0.0105040802306481,0.000254294326086951,0.152068006999997,0.15,12
202.704833526,3.14159265358979,-3.1398473243378,-0.0105570419797102,0.000241874838655506,0.143915529000026,0.15,12
202.848749055,3.14159265358979,-3.1398473243378,-0.0105926475175845,0.000256434133220895,0.152065440999991,0.15,12
203.000814496,3.14159265358979,-3.1398473243378,-0.0105748147776559,0.000242464265993273,0.144023774000004,0.15,12
203.14483827,3.14159265358979,-3.1398473243378,-0.0105570419797102,0.000255476436974753,0.152008479999978,0.15,12
203.29684675,3.14159265358979,-3.1398473243378,-0.0105748147776559,0.000256066525252544,0.152103516000011,0.15,12
203.448950266,3.14159265358979,-3.1398473243378,-0.0105040802306481,0.000240535837792644,0.143840431000001,0.15,12
203.592790697,3.14159265358979,-3.1398473243378,-0.0105216750049038,0.000254714606365167,0.152064620000004,0.15,12
203.744855317,3.14159265358979,-3.1398473243378,-0.0105040802306481,0.000254289183946491,0.152064932000002,0.15,12
203.896920249,3.14159265358979,-3.1398473243378,-0.0105393288220262,0.000241484709731539,0.143924886999997,0.15,12
204.040845136,3.14159265358979,-3.1398473243378,-0.0105393288220262,0.000255168808724806,0.152080609999985,0.15,12
204.192925746,3.14159265358979,-3.1398473243378,-0.0105926475175845,0.000242639166947759,0.143885026000021,0.15,12
204.336810772,3.14159265358979,-3.1398473243378,-0.0105926475175845,0.000256428947723433,0.152062365999996,0.15,12
204.488873138,3.14159265358979,-3.1398473243378,-0.0105748147776559,0.000242469452861941,0.144026854999993,0.15,12
204.632899993,3.14159265358979,-3.1398473243378,-0.0105748147776559,0.000255877074074076,0.151990982000001,0.15,12
204.784890975,3.14159265358979,-3.1398473243378,-0.0105926475175845,0.000256329145025304,0.152003183000005,0.15,12
204.936894158,3.14159265358979,-3.1398473243378,-0.0105570419797102,0.000241994215126041,0.143986557999995,0.15,12
205.080880716,3.14159265358979,-3.1398473243378,-0.0105393288220262,0.00025509875838927,0.152038860000005,0.15,12
205.232919576,3.14159265358979,-3.1398473243378,-0.0105393288220262,0.000241601854026865,0.143994705000011,0.15,12
205.376914281,3.14159265358979,-3.1398473243378,-0.0105216750049038,0.000254561170854265,0.151973018999996,0.15,12
205.5288873,3.14159265358979,-3.1398473243378,-0.0105393288220262,0.000255011847315436,0.151987061,0.15,12
205.680874361,3.14159265358979,-3.1398473243378,-0.0105926475175845,0.000242858016863396,0.144014803999994,0.15,12
205.824889165,3.14159265358979,-3.1398473243378,-0.0105748147776559,0.000256035461279469,0.152085064000005,0.15,12
205.976974229,3.14159265358979,-3.1398473243378,-0.0105748147776559,0.000242544331649831,0.144071332999999,0.15,12
206.121045562,3.14159265358979,-3.1398473243378,-0.0105748147776559,0.000255648314814795,0.151855098999988,0.15,12
206.272900661,3.14159265358979,-3.1398473243378,-0.0105748147776559,0.000242361116161636,0.143962503000012,0.15,12
206.416863164,3.14159265358979,-3.1398473243378,-0.0105570419797102,0.000255541798319313,0.152047369999991,0.15,12
206.568910534,3.14159265358979,-3.1398473243378,-0.0105216750049038,0.000254639407035162,0.152019725999992,0.15,12
206.72093026,3.14159265358979,-3.1398473243378,-0.0104690666298793,0.000253340698333346,0.152004419000008,0.15,12
206.872934679,3.14159265358979,-3.1398473243378,-0.0104516472178496,0.000239774540765404,0.144104499000008,0.15,12
207.017039178,3.14159265358979,-3.1398473243378,-0.0105040802306481,0.000253858354515028,0.151807295999987,0.15,12
207.168846474,3.14159265358979,-3.1398473243378,-0.0104865442035519,0.000253910989983316,0.152092683000006,0.15,12
207.320939157,3.14159265358979,-3.1398473243378,-0.0105040802306481,0.000240817334448182,0.144008766000013,0.15,12
207.464947923,3.14159265358979,-3.1398473243378,-0.0104865442035519,0.000253732570951561,0.151985809999985,0.15,12
207.616933733,3.14159265358979,-3.1398473243378,-0.0104865442035519,0.00025367947913187,0.15195400799999,0.15,12
207.768887741,3.14159265358979,-3.1398473243378,-0.0104690666298793,0.000253439851666712,0.152063911000027,0.15,12
207.920951652,3.14159265358979,-3.1398473243378,-0.0104865442035519,0.00024039757262099,0.143998145999973,0.15,12
208.064949798,3.14159265358979,-3.1398473243378,-0.0104690666298793,0.000253393223333376,0.152035934000025,0.15,12
208.216985732,3.14159265358979,-3.1398473243378,-0.0104342856776206,0.000252545054817272,0.152032122999998,0.15,12
208.369017855,3.14159265358979,-3.1398473243378,-0.010416981721273,0.000251882671641761,0.151885250999982,0.15,12
208.520903106,3.14159265358979,-3.1398473243378,-0.0104342856776206,0.000252563011627937,0.152042933000018,0.15,12
208.672946039,3.14159265358979,-3.1398473243378,-0.0104690666298793,0.000240133239999996,0.144079943999998,0.15,12
208.817025983,3.14159265358979,-3.1398473243378,-0.0104516472178496,0.000252920470881843,0.152005202999987,0.15,12
208.969031186,3.14159265358979,-3.1398473243378,-0.0104516472178496,0.000252868881863569,0.151974198000005,0.15,12
209.121005384,3.14159265358979,-3.1398473243378,-0.0104865442035519,0.000253607218697836,0.151910724000004,0.15,12
209.272916108,3.14159265358979,-3.1398473243378,-0.0104690666298793,0.000240226076666659,0.144135645999995,0.15,12
209.417051754,3.14159265358979,-3.1398473243378,-0.0104690666298793,0.000253263095000023,0.151957857000014,0.15,12
209.569009611,3.14159265358979,-3.1398473243378,-0.0105040802306481,0.00025409337290969,0.151947836999994,0.15,12
209.720957448,3.14159265358979,-3.1398473243378,-0.0104690666298793,0.000253373558333341,0.152024135000005,0.15,12
